ID,Service Area,Type,Role / Persona,Summary / Description,Acceptance Criteria,Priority,Target Sprint / Week
US-MC-001,Medical Concierge,User Story,VIP Patient,As a VIP patient I can request a dedicated concierge so I have one point of contact for appointments and services.,Dedicated concierge is assigned automatically on check-in or upon manual VIP request. Direct contact/chat option is visible on the VIP mobile widget.,High,Week 4-6 (Sprint 1)
US-MC-003,Medical Concierge,User Story,Family Guest,As a family guest I can request in-room services and transport so my relative's stay is seamless.,In-room service and transport request flows are accessible on the mobile widget. Real-time status/ETA updates are shown.,Medium,Week 4-6 (Sprint 1)
TSK-MC-001,Medical Concierge,Technical Task,System,Implement database models and migrations for ConciergeRequest and VIPProfile.,Tables created in database with indices on patient_id and status. PHI columns marked for encryption.,High,Week 4-6 (Sprint 1)
TSK-MC-002,Medical Concierge,Technical Task,System,Build backend REST API endpoints for concierge requests.,Create request and get status endpoints functional. Unit test coverage above 90%.,High,Week 4-6 (Sprint 1)
TSK-MC-003,Medical Concierge,Technical Task,System,Develop patient mobile widget UI for request tracking.,Responsive React components styled with luxury aesthetics. Real-time socket communication for status updates.,High,Week 4-6 (Sprint 1)
TSK-MC-004,Medical Concierge,Technical Task,System,Integrate concierge engine with EHR patient lookup and billing systems.,Retrieve active VIP tier from EHR. Successfully post concierge charges to billing service.,High,Week 4-6 (Sprint 1)
TSK-MC-005,Medical Concierge,Technical Task,System,Pilot concierge workflows with 5 VIP patients.,Collect initial feedback. Validate response time SLA (under 10 minutes) for patient requests.,Low,Week 11 (Pilot)
US-VS-001,VIP Suites & ICU Pods,User Story,Family Guest,As a family I can reserve a VIP suite with specific amenities and chef service.,VIP room catalog shows pricing, photos, and availability. Booking flow captures dietary/chef preferences and amenities.,High,Week 4-6 (Sprint 1)
TSK-VS-001,VIP Suites & ICU Pods,Technical Task,System,Develop room inventory database models and booking logic.,Room and Booking schemas created. Prevent double-booking race conditions during high occupancy.,High,Week 4-6 (Sprint 1)
TSK-VS-003,VIP Suites & ICU Pods,Technical Task,System,Integrate ICU pod monitoring with bedside device simulator.,Retrieve vitals data stream via WebSockets. Implement critical vitals alarm alerts to emergency notification bus.,Medium,Week 4-6 (Sprint 1)
TSK-VS-004,VIP Suites & ICU Pods,Technical Task,System,Link bookings with payment gateway and billing ledger.,Process deposits and generate comprehensive line-item bills for luxury amenities/chef services.,Medium,Week 4-6 (Sprint 1)
TSK-VS-005,VIP Suites & ICU Pods,Technical Task,System,Conduct mock patient admissions.,Train nursing and front desk staff on VIP admission checklist and privacy protocols.,Low,Week 11 (Pilot)
US-DL-001,Private Diagnostics & Labs,User Story,VIP Patient,As a VIP patient I can schedule same-day imaging and receive prioritized results.,Direct access to same-day VIP radiology slots. Automatic result delivery via portal and SMS.,High,Week 7-9 (Sprint 2)
TSK-DL-001,Private Diagnostics & Labs,Technical Task,System,Build LIS/PACS sample registration and priority flagging backend logic.,Integrate VIP sample database schema. Priority flag is propagated through all LIS processing queues automatically.,High,Week 7-9 (Sprint 2)
TSK-DL-002,Private Diagnostics & Labs,Technical Task,System,Develop imaging scheduler with reserved VIP slot rules.,Scheduler limits general bookings in VIP-reserved slots. Allows concierge request to auto-book dedicated slots.,High,Week 7-9 (Sprint 2)
TSK-DL-003,Private Diagnostics & Labs,Technical Task,System,Implement automatic report distribution system.,Generate PDF report. Push report to EHR patient portal and notify the patient via SMS/Email.,High,Week 7-9 (Sprint 2)
TSK-DL-004,Private Diagnostics & Labs,Technical Task,System,Integrate with LIS and PACS simulators via FHIR/HL7.,Map FHIR DiagnosticReport and Observation resources. Send HL7 ORU messages to LIS simulator.,High,Week 7-9 (Sprint 2)
US-RS-003,Robotic Surgery & OR,User Story,VIP Patient,As a VIP patient I can get pre-op clearance and concierge coordination within 48 hours.,Digital pre-op checklist status visible to patient in the portal. Automated reminders for missing clearance steps.,High,Week 10 (Surgical)
TSK-RS-001,Robotic Surgery & OR,Technical Task,System,Create robotic OR scheduler and scheduling rules engine.,Build priority allocation rules. Enforce 48-hour lead time warning for non-urgent procedures.,High,Week 10 (Surgical)
TSK-RS-002,Robotic Surgery & OR,Technical Task,System,Implement supply reservation and serial tracking.,Link OR bookings with inventory database. Lock implant serial number to specific booked surgery.,Medium,Week 10 (Surgical)
TSK-RS-003,Robotic Surgery & OR,Technical Task,System,Develop pre-op digital checklist and eConsent capture modules.,Mobile-friendly eConsent signoff for patients. Real-time checklist sync across clinical systems.,High,Week 10 (Surgical)
TSK-RS-004,Robotic Surgery & OR,Technical Task,System,Integrate with robotic surgical device telemetry and autoclave sterilization logs.,Store anonymized device usage logs. Log sterilization cycle run-id before releasing OR for scheduling.,Low,Week 10 (Surgical)
US-CP-001,Concierge Pharmacy,User Story,VIP Patient,As a VIP patient I can request in-room medication delivery and receive counseling.,Request in-room delivery via app. Order tracking shows delivery stage. Schedule virtual/in-person pharmacist counseling.,Medium,Week 7-9 (Sprint 2)
TSK-CP-001,Concierge Pharmacy,Technical Task,System,Build pharmacy order, compounding worksheet, and batch tracking workflows.,Track drug lot numbers, expiration dates, and custom compounding recipe parameters in LIS/Pharmacy service.,High,Week 7-9 (Sprint 2)
TSK-CP-002,Concierge Pharmacy,Technical Task,System,Create secure delivery confirmation and signature system.,Implement geolocation tracking, signature upload, and photo confirmation for patient delivery verification.,High,Week 7-9 (Sprint 2)
TSK-CP-003,Concierge Pharmacy,Technical Task,System,Integrate pharmacy system with EHR medication list and billing.,Auto-verify active prescriptions in EHR. Post pharmacy medication charges to the billing ledger.,High,Week 7-9 (Sprint 2)
